use final_team2;

INSERT INTO `final_team2`.`programming_category` (`progCt_name`) VALUES ('웹 개발');
INSERT INTO `final_team2`.`programming_category` (`progCt_name`) VALUES ('프론트엔드');
INSERT INTO `final_team2`.`programming_category` (`progCt_name`) VALUES ('백엔드');
INSERT INTO `final_team2`.`programming_category` (`progCt_name`) VALUES ('풀스택');
INSERT INTO `final_team2`.`programming_category` (`progCt_name`) VALUES ('프로그래밍 언어');
INSERT INTO `final_team2`.`programming_category` (`progCt_name`) VALUES ('데이터베이스');
INSERT INTO `final_team2`.`programming_category` (`progCt_name`) VALUES ('웹 퍼블리싱');

INSERT INTO `final_team2`.`programming_language` (`lang_name`) VALUES ('JavaScript');
INSERT INTO `final_team2`.`programming_language` (`lang_name`) VALUES ('HTML/CSS');
INSERT INTO `final_team2`.`programming_language` (`lang_name`) VALUES ('React');
INSERT INTO `final_team2`.`programming_language` (`lang_name`) VALUES ('Java');
INSERT INTO `final_team2`.`programming_language` (`lang_name`) VALUES ('Spring');
INSERT INTO `final_team2`.`programming_language` (`lang_name`) VALUES ('Spring Boot');
INSERT INTO `final_team2`.`programming_language` (`lang_name`) VALUES ('Node.js');
INSERT INTO `final_team2`.`programming_language` (`lang_name`) VALUES ('Python');
INSERT INTO `final_team2`.`programming_language` (`lang_name`) VALUES ('Vue.js');
INSERT INTO `final_team2`.`programming_language` (`lang_name`) VALUES ('jQuery');
INSERT INTO `final_team2`.`programming_language` (`lang_name`) VALUES ('Firebase');
INSERT INTO `final_team2`.`programming_language` (`lang_name`) VALUES ('C');
INSERT INTO `final_team2`.`programming_language` (`lang_name`) VALUES ('C++');
INSERT INTO `final_team2`.`programming_language` (`lang_name`) VALUES ('C#');
INSERT INTO `final_team2`.`programming_language` (`lang_name`) VALUES ('Swift');
INSERT INTO `final_team2`.`programming_language` (`lang_name`) VALUES ('알고리즘');
INSERT INTO `final_team2`.`programming_language` (`lang_name`) VALUES ('SQL');
INSERT INTO `final_team2`.`programming_language` (`lang_name`) VALUES ('DBMS/RDBMS');
INSERT INTO `final_team2`.`programming_language` (`lang_name`) VALUES ('MySQL');
INSERT INTO `final_team2`.`programming_language` (`lang_name`) VALUES ('데이터 엔지니어링');
INSERT INTO `final_team2`.`programming_language` (`lang_name`) VALUES ('Oracle');
INSERT INTO `final_team2`.`programming_language` (`lang_name`) VALUES ('빅데이터');
INSERT INTO `final_team2`.`programming_language` (`lang_name`) VALUES ('backend');
INSERT INTO `final_team2`.`programming_language` (`lang_name`) VALUES ('인터랙티브 웹');
INSERT INTO `final_team2`.`programming_language` (`lang_name`) VALUES ('반응형 웹');
INSERT INTO `final_team2`.`programming_language` (`lang_name`) VALUES ('웹 디자인');
INSERT INTO `final_team2`.`programming_language` (`lang_name`) VALUES ('클론코딩');
INSERT INTO `final_team2`.`programming_language` (`lang_name`) VALUES ('포트폴리오');
INSERT INTO `final_team2`.`programming_language` (`lang_name`) VALUES ('Sass');

INSERT INTO `final_team2`.`search_menu` (`sear_progCt_num`, `sear_lang_num`) VALUES ('1', '1');
INSERT INTO `final_team2`.`search_menu` (`sear_progCt_num`, `sear_lang_num`) VALUES ('1', '2');
INSERT INTO `final_team2`.`search_menu` (`sear_progCt_num`, `sear_lang_num`) VALUES ('1', '3');
INSERT INTO `final_team2`.`search_menu` (`sear_progCt_num`, `sear_lang_num`) VALUES ('1', '4');
INSERT INTO `final_team2`.`search_menu` (`sear_progCt_num`, `sear_lang_num`) VALUES ('1', '5');
INSERT INTO `final_team2`.`search_menu` (`sear_progCt_num`, `sear_lang_num`) VALUES ('1', '6');
INSERT INTO `final_team2`.`search_menu` (`sear_progCt_num`, `sear_lang_num`) VALUES ('1', '7');
INSERT INTO `final_team2`.`search_menu` (`sear_progCt_num`, `sear_lang_num`) VALUES ('1', '8');
INSERT INTO `final_team2`.`search_menu` (`sear_progCt_num`, `sear_lang_num`) VALUES ('1', '9');
INSERT INTO `final_team2`.`search_menu` (`sear_progCt_num`, `sear_lang_num`) VALUES ('1', '10');
INSERT INTO `final_team2`.`search_menu` (`sear_progCt_num`, `sear_lang_num`) VALUES ('2', '1');
INSERT INTO `final_team2`.`search_menu` (`sear_progCt_num`, `sear_lang_num`) VALUES ('2', '3');
INSERT INTO `final_team2`.`search_menu` (`sear_progCt_num`, `sear_lang_num`) VALUES ('2', '2');
INSERT INTO `final_team2`.`search_menu` (`sear_progCt_num`, `sear_lang_num`) VALUES ('2', '9');
INSERT INTO `final_team2`.`search_menu` (`sear_progCt_num`, `sear_lang_num`) VALUES ('2', '7');
INSERT INTO `final_team2`.`search_menu` (`sear_progCt_num`, `sear_lang_num`) VALUES ('2', '10');
INSERT INTO `final_team2`.`search_menu` (`sear_progCt_num`, `sear_lang_num`) VALUES ('2', '24');
INSERT INTO `final_team2`.`search_menu` (`sear_progCt_num`, `sear_lang_num`) VALUES ('2', '4');
INSERT INTO `final_team2`.`search_menu` (`sear_progCt_num`, `sear_lang_num`) VALUES ('2', '5');
INSERT INTO `final_team2`.`search_menu` (`sear_progCt_num`, `sear_lang_num`) VALUES ('3', '4');
INSERT INTO `final_team2`.`search_menu` (`sear_progCt_num`, `sear_lang_num`) VALUES ('3', '5');
INSERT INTO `final_team2`.`search_menu` (`sear_progCt_num`, `sear_lang_num`) VALUES ('3', '6');
INSERT INTO `final_team2`.`search_menu` (`sear_progCt_num`, `sear_lang_num`) VALUES ('3', '7');
INSERT INTO `final_team2`.`search_menu` (`sear_progCt_num`, `sear_lang_num`) VALUES ('3', '1');
INSERT INTO `final_team2`.`search_menu` (`sear_progCt_num`, `sear_lang_num`) VALUES ('3', '8');
INSERT INTO `final_team2`.`search_menu` (`sear_progCt_num`, `sear_lang_num`) VALUES ('3', '3');
INSERT INTO `final_team2`.`search_menu` (`sear_progCt_num`, `sear_lang_num`) VALUES ('4', '1');
INSERT INTO `final_team2`.`search_menu` (`sear_progCt_num`, `sear_lang_num`) VALUES ('4', '3');
INSERT INTO `final_team2`.`search_menu` (`sear_progCt_num`, `sear_lang_num`) VALUES ('4', '7');
INSERT INTO `final_team2`.`search_menu` (`sear_progCt_num`, `sear_lang_num`) VALUES ('4', '8');
INSERT INTO `final_team2`.`search_menu` (`sear_progCt_num`, `sear_lang_num`) VALUES ('4', '2');
INSERT INTO `final_team2`.`search_menu` (`sear_progCt_num`, `sear_lang_num`) VALUES ('4', '4');
INSERT INTO `final_team2`.`search_menu` (`sear_progCt_num`, `sear_lang_num`) VALUES ('4', '5');
INSERT INTO `final_team2`.`search_menu` (`sear_progCt_num`, `sear_lang_num`) VALUES ('4', '6');
INSERT INTO `final_team2`.`search_menu` (`sear_progCt_num`, `sear_lang_num`) VALUES ('4', '11');
INSERT INTO `final_team2`.`search_menu` (`sear_progCt_num`, `sear_lang_num`) VALUES ('5', '8');
INSERT INTO `final_team2`.`search_menu` (`sear_progCt_num`, `sear_lang_num`) VALUES ('5', '1');
INSERT INTO `final_team2`.`search_menu` (`sear_progCt_num`, `sear_lang_num`) VALUES ('5', '4');
INSERT INTO `final_team2`.`search_menu` (`sear_progCt_num`, `sear_lang_num`) VALUES ('5', '12');
INSERT INTO `final_team2`.`search_menu` (`sear_progCt_num`, `sear_lang_num`) VALUES ('5', '13');
INSERT INTO `final_team2`.`search_menu` (`sear_progCt_num`, `sear_lang_num`) VALUES ('5', '14');
INSERT INTO `final_team2`.`search_menu` (`sear_progCt_num`, `sear_lang_num`) VALUES ('5', '15');
INSERT INTO `final_team2`.`search_menu` (`sear_progCt_num`, `sear_lang_num`) VALUES ('5', '16');
INSERT INTO `final_team2`.`search_menu` (`sear_progCt_num`, `sear_lang_num`) VALUES ('6', '17');
INSERT INTO `final_team2`.`search_menu` (`sear_progCt_num`, `sear_lang_num`) VALUES ('6', '18');
INSERT INTO `final_team2`.`search_menu` (`sear_progCt_num`, `sear_lang_num`) VALUES ('6', '19');
INSERT INTO `final_team2`.`search_menu` (`sear_progCt_num`, `sear_lang_num`) VALUES ('6', '20');
INSERT INTO `final_team2`.`search_menu` (`sear_progCt_num`, `sear_lang_num`) VALUES ('6', '21');
INSERT INTO `final_team2`.`search_menu` (`sear_progCt_num`, `sear_lang_num`) VALUES ('6', '8');
INSERT INTO `final_team2`.`search_menu` (`sear_progCt_num`, `sear_lang_num`) VALUES ('6', '4');
INSERT INTO `final_team2`.`search_menu` (`sear_progCt_num`, `sear_lang_num`) VALUES ('6', '22');
INSERT INTO `final_team2`.`search_menu` (`sear_progCt_num`, `sear_lang_num`) VALUES ('6', '23');
INSERT INTO `final_team2`.`search_menu` (`sear_progCt_num`, `sear_lang_num`) VALUES ('7', '2');
INSERT INTO `final_team2`.`search_menu` (`sear_progCt_num`, `sear_lang_num`) VALUES ('7', '10');
INSERT INTO `final_team2`.`search_menu` (`sear_progCt_num`, `sear_lang_num`) VALUES ('7', '24');
INSERT INTO `final_team2`.`search_menu` (`sear_progCt_num`, `sear_lang_num`) VALUES ('7', '1');
INSERT INTO `final_team2`.`search_menu` (`sear_progCt_num`, `sear_lang_num`) VALUES ('7', '25');
INSERT INTO `final_team2`.`search_menu` (`sear_progCt_num`, `sear_lang_num`) VALUES ('7', '26');
INSERT INTO `final_team2`.`search_menu` (`sear_progCt_num`, `sear_lang_num`) VALUES ('7', '27');
INSERT INTO `final_team2`.`search_menu` (`sear_progCt_num`, `sear_lang_num`) VALUES ('7', '28');
INSERT INTO `final_team2`.`search_menu` (`sear_progCt_num`, `sear_lang_num`) VALUES ('7', '29');

/* 멤버 상태 */
INSERT INTO member_state(ms_state) VALUES("이용중"), ("영구정지"), ("탈퇴");
/* 멤버 권한 */
INSERT INTO member_auth(ma_auth) VALUES("관리자"),("부관리자"),("멘토"), ("일반");

/* 멘토링 직무 */
INSERT INTO mentor_job VALUES ("SW 엔지니어"), ("백엔드/서버 개발자"), ("프론트엔드/웹 퍼블리셔"), ("데이터 엔지니어"), ("데이터 분석가");


/* 신고 처리 상태 */
INSERT INTO report_state(repo_state) VALUES("대기중"), ("처리완료"), ("반려");

/* 신고 사유 */
INSERT INTO report_content(repo_content) 
	VALUES("욕설 및 혐오 발언"), ("스팸 또는 광고"), ("부적절한 콘텐츠"), ("가짜 계정 또는 사칭"), ("부정확한 정보"), ("사용자간 분쟁"), ("기타"); 

/*
==================================================================================================================================================================================================================================
==================================================================================================================================================================================================================================
==================================================================================================================================================================================================================================
*/

/* 운영자 정보 추가
	-pw: admin
*/
INSERT INTO member(me_id, me_pw, me_nickname, me_name, me_phone, me_address, me_ms_state, me_ma_auth, me_verify)
	VALUES("admin", 			"$2a$10$9sW/WB0Wyz2VGvii9Odp6uTA6Y6RSZtQWoOaFowKXz6jD68a0SwCG", "운영자", 		"운영자", "010-1234-5678", "서울시 강남구 역삼동", "이용중", "관리자", 1);
    
    
    
/* 일반 유저(인증O) 
	-pw: user123
*/
INSERT INTO member(me_id, me_pw, me_nickname, me_name, me_phone, me_address, me_ms_state, me_ma_auth, me_verify)
    VALUES
		("mentor@naver.com",	"$2a$10$YdjIQrL/8qlGCEYFlJUo1.NBPZ0eRpvCEU3gdEI.XTq5uMUFF1Jby", "mentor", 		"김멘토", "010-1111-1111", "서울시 강남구 역삼동", "이용중", "일반", 1),
        
		("dongdong@final.com",	"$2a$10$lQRMm/SAJ.9AJ6FjsP8BkekX8eTcv2xzIe5rgmyLz2RXDcxEWdn2O", "동동이", 		"홍길동", "010-9877-5678", "서울시 강남구 역삼동", "이용중", "일반", 1),
		("tenten10@final.com",	"$2a$10$lQRMm/SAJ.9AJ6FjsP8BkekX8eTcv2xzIe5rgmyLz2RXDcxEWdn2O", "텐텐먹고쑥쑥", 	"최유리", "010-4658-4214", "서울시 강남구 도곡동", "이용중", "일반", 1),
		("ilovecat@final.com",	"$2a$10$lQRMm/SAJ.9AJ6FjsP8BkekX8eTcv2xzIe5rgmyLz2RXDcxEWdn2O", "투털이박성훈", 	"김병구", "010-2483-0419", "서울시 마포구 연희동", "이용중", "일반", 1),
		("user@final.com",		"$2a$10$lQRMm/SAJ.9AJ6FjsP8BkekX8eTcv2xzIe5rgmyLz2RXDcxEWdn2O", "user123", 		"최유리", "010-4651-4214", "서울시 강남구 도곡동", "이용중", "일반", 1),
		("ilovedog90@final.com","$2a$10$lQRMm/SAJ.9AJ6FjsP8BkekX8eTcv2xzIe5rgmyLz2RXDcxEWdn2O", "야옹멍멍꽥꽥", 	"서민규", "010-4258-4214", "서울시 강남구 도곡동", "이용중", "일반", 1),
        
		("munho2004@gmail.com", "$2a$10$lQRMm/SAJ.9AJ6FjsP8BkekX8eTcv2xzIe5rgmyLz2RXDcxEWdn2O", 	"munho04", "태문호", 	"010-9877-5678", "서울시 강남구 역삼동", "이용중", "일반", 1),
		("theo36@gmail.com", "$2a$10$lQRMm/SAJ.9AJ6FjsP8BkekX8eTcv2xzIe5rgmyLz2RXDcxEWdn2O", 		"뱀잡아먹자", "문태호", "010-4658-4904", "서울시 강남구 도곡동", "이용중", "일반", 1),
		("imstrong25@gmail.com", "$2a$10$lQRMm/SAJ.9AJ6FjsP8BkekX8eTcv2xzIe5rgmyLz2RXDcxEWdn2O", 	"you스트롱", "유강한", "010-2873-0419", "서울시 마포구 연희동", "이용중", "일반", 1),
		("crst33@gmail.com", "$2a$10$lQRMm/SAJ.9AJ6FjsP8BkekX8eTcv2xzIe5rgmyLz2RXDcxEWdn2O", 		"크밀러", "민리수", "010-2151-4524", "서울시 강남구 도곡동", "이용중", "일반", 1),
		("iloveduck@gmail.com", "$2a$10$lQRMm/SAJ.9AJ6FjsP8BkekX8eTcv2xzIe5rgmyLz2RXDcxEWdn2O", 	"베드로야내가", "서요한", "010-4435-8124", "서울시 강남구 도곡동", "이용중", "일반", 1);
        
/* 기타 일반 유저 */
INSERT INTO member(me_id, me_pw, me_nickname, me_name, me_phone, me_address, me_ms_state, me_ma_auth)
	VALUES
          ("hahaha321@naver.com", "$2a$10$lQRMm/SAJ.9AJ6FjsP8BkekX8eTcv2xzIe5rgmyLz2RXDcxEWdn2O", 	"웃자웃어", "김수한무", "010-3025-3256", "서울시 강남구 역삼동", "이용중", "일반"),
		  ("susuhada@naver.com", "$2a$10$lQRMm/SAJ.9AJ6FjsP8BkekX8eTcv2xzIe5rgmyLz2RXDcxEWdn2O", 	"고진감래", "민예지", "010-6326-4025", "서울시 강남구 도곡동", "이용중", "일반"),
          ("april0412@naver.com", "$2a$10$lQRMm/SAJ.9AJ6FjsP8BkekX8eTcv2xzIe5rgmyLz2RXDcxEWdn2O", 	"봄이좋아", "김민재", "010-3583-0568", "서울시 마포구 연희동", "이용중", "일반"),
		  ("cookie32@naver.com", "$2a$10$lQRMm/SAJ.9AJ6FjsP8BkekX8eTcv2xzIe5rgmyLz2RXDcxEWdn2O", 	"초코칩쿠키", "최유라", "010-4971-2144", "서울시 강남구 도곡동", "이용중", "일반"),
		  ("imqkqh@naver.com", "$2a$10$lQRMm/SAJ.9AJ6FjsP8BkekX8eTcv2xzIe5rgmyLz2RXDcxEWdn2O", 		"나는바보", "박호섭", "010-5215-0154", "서울시 강남구 도곡동", "이용중", "일반")
          ;

/* 멘토 유저 정보 추가
	-pw: user123
 */
INSERT INTO member(me_id, me_pw, me_nickname, me_name, me_phone, me_address, me_ms_state, me_ma_auth, me_verify)
	VALUES
    ("asdfg@final.com", 		"$2a$10$lQRMm/SAJ.9AJ6FjsP8BkekX8eTcv2xzIe5rgmyLz2RXDcxEWdn2O", "꺼비", 		"임꺽정", "010-9876-5678", "서울시 강남구 역삼동", "이용중", "멘토", 1),
	("orangecat@final.com", 	"$2a$10$lQRMm/SAJ.9AJ6FjsP8BkekX8eTcv2xzIe5rgmyLz2RXDcxEWdn2O", "치즈캣", 	"고길동", "010-6255-5464", "서울시 강남구 역삼동", "이용중", "멘토", 1),
	("waiting@final.com", 		"$2a$10$lQRMm/SAJ.9AJ6FjsP8BkekX8eTcv2xzIe5rgmyLz2RXDcxEWdn2O", "박대기", 	"박대기", "010-2136-6488", "서울시 강남구 역삼동", "이용중", "멘토", 1),
	("sangmukim@final.com", 	"$2a$10$lQRMm/SAJ.9AJ6FjsP8BkekX8eTcv2xzIe5rgmyLz2RXDcxEWdn2O", "김상무", 	"김상무", "010-6717-0165", "서울시 강남구 역삼동", "이용중", "멘토", 1),
	("freshlee@final.com", 		"$2a$10$lQRMm/SAJ.9AJ6FjsP8BkekX8eTcv2xzIe5rgmyLz2RXDcxEWdn2O", "이신선", 	"이신선", "010-9548-5177", "서울시 강남구 역삼동", "이용중", "멘토", 1),
    
    ("profzero@final.com", 		"$2a$10$lQRMm/SAJ.9AJ6FjsP8BkekX8eTcv2xzIe5rgmyLz2RXDcxEWdn2O", "김교수", 	"김영일", "010-2556-0561", "서울시 강남구 역삼동", "이용중", "멘토", 1),
	("jaejun08@final.com", 		"$2a$10$lQRMm/SAJ.9AJ6FjsP8BkekX8eTcv2xzIe5rgmyLz2RXDcxEWdn2O", "준재킴", 	"최재준", "010-8154-4254", "서울시 강남구 역삼동", "이용중", "멘토", 1),
	("light22@final.com", 		"$2a$10$lQRMm/SAJ.9AJ6FjsP8BkekX8eTcv2xzIe5rgmyLz2RXDcxEWdn2O", "키라", 		"김명", 	"010-5564-8741", "서울시 강남구 역삼동", "이용중", "멘토", 1),
	("tokyo213@final.com", 		"$2a$10$lQRMm/SAJ.9AJ6FjsP8BkekX8eTcv2xzIe5rgmyLz2RXDcxEWdn2O", "우타타", 	"이류하", "010-5897-0321", "서울시 강남구 역삼동", "이용중", "멘토", 1),
	("hyunjin09@final.com", 	"$2a$10$lQRMm/SAJ.9AJ6FjsP8BkekX8eTcv2xzIe5rgmyLz2RXDcxEWdn2O", "류현진", 	"류현진", "010-9236-8234", "서울시 강남구 역삼동", "이용중", "멘토", 1)
    ;

SELECT * FROM final_team2.member;   


/*
==================================================================================================================================================================================================================================
==================================================================================================================================================================================================================================
==================================================================================================================================================================================================================================
*/

INSERT INTO mentor_info VALUES 
("admin", 						0, 	"", 	"admin test", 	"0000-000-0000", "", NOW(), 0, "SW 엔지니어"),

/* 멘토링 권한이 부여된 유저 */
("asdfg@final.com", 			8, 	"https://github.com/seungjoo555/final_team2", 			"네카라쿠배 출신 개발자 임꺽정입니다. 백엔드 관련 피드백, 코칭, 1:1 멘토링, 오프라인 강의 등을 하고 있습니다.", 	"812-8756-5497-11", "농협", "2023-03-12", 1, "백엔드/서버 개발자"),
("orangecat@final.com", 		5, 	"https://github.com/Jxailer", 							"프론트 경력 5년, '멍멍아 야옹해봐'쇼핑몰 프론트 담당, 프론트 개발 팀장, 멘토링 200회 진행", 	"3333-5416-74-74", "카카오", "2023-04-12", 1, "프론트엔드/웹 퍼블리셔"),
("waiting@final.com", 			12, "https://github.com/S640O1", 							"코딩은 인내심입니다. 끊임없이 도전하실 수 있도록 도와드립니다. 2023.4.12 '세상을 바꾸는 15분 : 현대사회와 빅데이터'출현", 	"3331-5413-45-11", "카카오", "2023-03-24", 1, "데이터 엔지니어"),
("sangmukim@final.com", 		15, "https://github.com/mazxyni", 							"시선을 확 끌어오는 UI, 편리한 UX, 포트폴리오까지! All in One 멘토링 진행해드립니다.", 	"3334-515-987-16", "카카오", "2021-02-28", 1, "프론트엔드/웹 퍼블리셔"),
("freshlee@final.com", 			5, 	"https://github.com/seungjoo555", 						"모바일 게임 '아이러브커피'의 전 기획팀장 이신선입니다. 카카오게임을 런칭하려는 분들께 확실한 도움이 되어드립니다.", 	"5497-87-78-235", "신한", "2020-11-12", 1, "SW 엔지니어"),

("profzero@final.com", 			6, 	"https://github.com/20231208kh", 						"프로젝트의 흥망성쇠는 PM에게 달려있습니다. 사공이 많아도 배가 산으로 가지 않는 방법 공유해드립니다.", 	"5841-970-841-474", "신한", "2020-12-03", 1, "SW 엔지니어"),
("jaejun08@final.com", 			3, 	"https://developer-talk.tistory.com/", 					"하루가 다르게 성장하는 AI시대에서 뒤처지지 않는 방법을 공유해드립니다.", 	"6510-8747-523-44", "한국", "2019-12-21", 1, "데이터 엔지니어"),
("light22@final.com", 			6, 	"https://brunch.co.kr/@sicle-official/35", 				"UX에 따라 기능의 활용도는 400% 증폭됩니다. 사용자의 눈길을 사로잡는 UI를 만드는 법을 알려드립니다.", 	"3565-8470-891-45", "기업", "2022-08-14", 1, "프론트엔드/웹 퍼블리셔"),
("tokyo213@final.com", 			7, 	"https://limeeyojung.tistory.com/", 					"앱 시장은 날이 갈 수록 커져가고 있습니다. 틈새시장을 공략하는 어플리케이션 개발을 도와드립니다.", 	"9789-654-57-48", "KB국민", "2022-09-18", 1, "SW 엔지니어"),
("hyunjin09@final.com", 		12, 	"https://eunseong.notion.site/e9afd81bdfd54729a601a1e49a43eab2", 			"Apple 사 근무 경력 7년차 개발자입니다. 타의 추종을 불허하는 디테일 추구가 장점입니다.", 	"519-5487-5611-77", "수협", "2021-04-09", 1, "SW 엔지니어"),

/* 멘토링 권한이 거절된 유저 */
("dongdong@final.com", 			1, 	"test", 	"admin test", 	"0000-000-0000", "카카오", "2024-04-16", -1, "SW 엔지니어"),
("tenten10@final.com", 			0, 	"", 		"개발자입니다.", 	"154-008-0000", "신한", "2024-12-12", -1, "백엔드/서버 개발자"),
("theo36@gmail.com", 			4, 	"", 		"멘토 신청 테스트.", 	"9847-548-8900", "토스", "2024-05-12", -1, "프론트엔드/웹 퍼블리셔"),
("imstrong25@gmail.com", 		3, 	"https://eunseong.notion.site/e9afd81bdfd54729a601a1e49a43eab2", "이것저것 다 하려니까 힘든가요? 저도 그렇습니다! 같이 힘내보자고요!", 	"3332-120-06754", "카카오", "2021-07-19", -1, "SW 엔지니어"),
("crst33@gmail.com", 			10, "https://github.com/20231208kh", 	"개발 3년차 입니다.", 	"11-234-5520-11", "기업", "2024-05-10", -1, "백엔드/서버 개발자"),

/* 멘토링 권한 부여 대기중인 유저 */
("ilovecat@final.com", 				5, 	"https://brunch.co.kr/@sicle-official/35", 				"차세대 DB 선두주자 블록체인, 기초부터 심화과정까지 가르쳐드립니다.", 	"233-421-342-11", "KB국민", "2024-03-12", 0, "데이터 분석가"),
("user@final.com", 					0, 	"없지롱", 			"개발자 준비중~", 	"0000-000-0000", "카카오", "2024-02-22", 0, "백엔드/서버 개발자"),
("ilovedog90@final.com", 			6, 	"https://github.com/st8324/java", 	"JS, css, HTML 전부 가르쳐드립니다. All in One!.", 	"1214-4541-48", "카카오", "2024-05-12", 0, "프론트엔드/웹 퍼블리셔"),
("iloveduck@gmail.com", 			7, 	"", 				"개발자 임꺽정입니다.", 	"6215-236-88-5687", "농협","2024-05-10", 0, "백엔드/서버 개발자")
;
 
SELECT * FROM final_team2.mentor_info;

INSERT INTO mentoring(ment_title, ment_duration, ment_content, ment_me_id, ment_state) 
	VALUES
		/*모집중*/
		("2024 웹개발 기초반", 				"2024-10-11",	"웹개발 기초부터 알려드립니다. 줌 아이디가 필요합니다.", 	"asdfg@final.com", 1), 
		("2024 웹개발 중급반", 				"2024-10-11",	"웹개발 중급부터 알려드립니다. 본인이 어디까지 이해하고 있는 지를 알려주셔야합니다. 줌 아이디가 필요합니다.", 	"asdfg@final.com", 1), 
		("2024 백엔드 인성 면접 준비반", 		"2024-10-11",	"네카라쿠배 기준 인성면접 준비 도와드립니다. 줌 아이디와 미리 작성해 온 이력서가 필요합니다. 실시간/녹화 모두 가능", 	"asdfg@final.com", 1), 
		("2024 백엔드 기술 면접 준비반", 		"2024-10-11",	"네카라쿠배 기준 기술면접 준비 도와드립니다. 줌 아이디와 미리 작성해 온 이력서가 필요합니다. 실시간/녹화 모두 가능", 	"asdfg@final.com", 1), 
		("2024 백엔드 코딩테스트 준비반", 		"2024-10-11",	"네카라쿠배 코딩 테스트 준비 도와드립니다. 입문자, 숙련자 모두 수강 가능합니다. 줌 아이디와 미리 작성해 온 이력서가 필요합니다.", 	"asdfg@final.com", 1) 
;
INSERT INTO mentoring(ment_title, ment_duration, ment_content, ment_me_id, ment_state) 
	VALUES
		("쇼핑몰 미니 프로젝트", 		"2024-12-21",	"쇼핑몰 만들기 미니 프로젝트를 진행해봅시다! (주제무관). 입문자에게 적합합니다.", 				"orangecat@final.com", 1), 
		("프론트엔드 개발자 포폴 구성 멘토링", 	"2024-12-21",	"css, html, js 기초부터 알려드립니다. 줌 아이디가 필요합니다.", 						"orangecat@final.com", 1), 
		("2024 하반기 공채 집중공략", 		"2024-06-21",	"2024 하반기 공채 시즌 집중 공략합니다. 포폴, 면접, 이력서, 자소서 전반 케어해드립니다(선착순 5명 소수정예).\n 
														불합격 시 2025 상반기 공채시즌 멘토링 수강료 20% 할인 및 우선 대기", 	"orangecat@final.com", 1), 
		("2024 DB 기초반", 				"2024-06-01",	"DB 이론부터 실무까지 전반 케어해드립니다. 기초부터 탄탄하게 쌓고싶은 분에게 적합합니다.", 		"waiting@final.com", 1), 
		("2025 상반기 DB엔지니어 공채", 		"2024-06-01",	"빨리 오실 수록 유리합니다.", 													"waiting@final.com", 1)
        ;
INSERT INTO mentoring(ment_title, ment_duration, ment_content, ment_me_id, ment_state) 
	VALUES
		("2024 UI/UX 기획 미니 프로젝트", 	"2024-06-30",	"미니 프로젝트를 진행하시는 걸 전담 피드백 해드립니다(1팀 당 3인 구성). 의지가 확실하신 분만 지원 바랍니다.", 	"sangmukim@final.com", 1), 
		("내 프로젝트에서 AI 활용하기", 			"2024-11-30",	"게임, 웹, 데이터 수집에서 사용되는 AI 알고리즘에 대해 배웁니다. AI와 친해지는 시간을 가져봅시다.\n
															본인이 진행하고 있는 프로젝트에 대한 소개, 진행 상황, AI를 활용하고 싶은 부분에 대한 내용이 필요합니다.", 	"jaejun08@final.com", 1), 
		("안드로이드 게임 기획 미니 프로젝트", 	"2024-06-01",	"입문자를 위한 안드로이드 기반 게임 개발 프로젝트를 개별 피드백 해드립니다(1팀 당 5인 구성). 팀 프로젝트는 SMO에서 진행합니다.", 	"freshlee@final.com", 1), 
		("안드로이드 JAVA 기초반", 			"2024-06-01",	"안드로이드 JAVA 기초부터 알려드립니다. 단체 수업이 아닌 1:1 과외입니다. (평일 20시~22시 / 요일 합의)", 		"freshlee@final.com", 1), 
        
        /* 신고용 */
		("책 'IOS 기초' 저자의 쪽집개 멘토링", "2024-10-11",	"IOS 멘토링 해드립니다.", 	"tokyo213@final.com", 1) 
        ;
INSERT INTO mentoring(ment_title, ment_duration, ment_content, ment_me_id, ment_state) 
	VALUES
		/*모집 종료*/
		("2024 웹개발자 자소서 쓰기", 	"2024-03-11",	"웹개발자 자소서 첨삭해드립니다. 작성해놓은 자소서가 있다면 신청서에 외부 링크 첨부 부탁드립니다.", "asdfg@final.com", 0), 
		("2025 웹개발자 면접 준비", 		"2025-03-11",	"웹개발자 면접 준비해드립니다. 자소서가 필요합니다. 첨부 안하신 분은 신청 거절합니다.", 			"asdfg@final.com", 0),
        ("2023 하반기 공채 집중공략", 	"2023-06-21",	"2023 하반기 공채 시즌 집중 공략합니다. 포폴, 면접, 이력서, 자소서 전반 케어해드립니다(선착순 5명 소수정예).\n 
														불합격 시 2024 상반기 공채시즌 멘토링 수강료 20% 할인 및 우선 대기", 	"orangecat@final.com", 1), 
		("PM 실전취업 트레이닝", 		"2023-10-11",	"PM의 마인드셋부터 기초이론, 이력서 작성까지 도와드립니다. 면접 부분은 특히 자신 있습니다. 제 멘토링을 꾸준히 따라오시고도 2차 탈락할 경우 다음 공채 시즌 까지 무료로 멘토링 진행해드립니다.", 	"profzero@final.com", 0) 
        ;
INSERT INTO mentoring(ment_title, ment_duration, ment_content, ment_me_id, ment_state) 
	VALUES
		("나만의 AI 비서 만들기 기초반", 	"2023-03-11",	"나에게 딱 맞는 AI 비서를 꿈꿔보신 적이 있으신가요? 지금 당신의 꿈을 이루어드립니다! 멘토링은 24년 초까지 진행됩니다.", 	"jaejun08@final.com", 0), 
		("UI/UX 디자인 기초반", 		"2023-03-02",	"UI/UX 기초부터 가르쳐드립니다. 이론부터 실무까지 탄탄하게 가르쳐드립니다. 장기적으로 진행되는 멘토링으로, 1년 이하만 수강하실 분들은 신청 자제 부탁드립니다.", 	"light22@final.com", 0), 
		("UI/UX 디자인 과외", 			"2024-06-01",	"UI/UX 1:1 과외해드립니다. 멘토 포트폴리오: https://brunch.co.kr/@sicle-official/35", 	"light22@final.com", 0), 
		("Figma 멘토링 기초반", 		"2023-10-11",	"대부분 기업의 UI/UX 디자인에 필수적으로 사용되는 Figma의 사용법을 알려드립니다.", 				"light22@final.com", 0), 
		("안드로이드 프로젝트 멘토링", 	"2023-06-01",	"포트폴리오로 활용할 수 있는 안드로이드 프로젝트를 전담 멘토링 해드립니다. 6개월간 진행 예정으로, 어떤 사유로든 중간에 그만두실 분은 지원 자제 부탁드립니다.", 	"tokyo213@final.com", 0), 
        
		("Apple 아이콘 디자인 피드백 멘토링", 	"2023-12-31",	"Apple에서 지향하는 아이콘 디자인 방향에 기반하여 피드백 해드립니다. 멘토링은 시작일 기준 6개월간 진행됩니다.", 	"hyunjin09@final.com", 0)
        ;
        
        
SELECT * FROM final_team2.mentoring;
                  
/*
==================================================================================================================================================================================================================================
==================================================================================================================================================================================================================================
==================================================================================================================================================================================================================================
*/

-- 강의 : lecture
INSERT INTO lecture (lect_mentIf_me_id, lect_name, lect_intro, lect_price, lect_posting, lect_update)
	VALUES('asdfg@final.com', '공주와 함께하는 자바 교실', '공주님과 함께 자바 수업듣고 자바킹이 되어봅시다.', 17000, now(), now()),
		  ('asdfg@final.com', '스프링부트의 정석', '스프링부트가 어렵다? 이 강의 들으면 달인이 될 수 있습니다.', 25000, now(), now());
    
SELECT * FROM final_team2.lecture;

-- 강의 파일 : lecture_file
INSERT INTO lecture_file (lectFi_lect_num, lectFi_path, lectFi_ori_name, lectFi_choice, lectFi_link)
	VALUES(1, '/2024/02/14/공지사항1.JPG', '자바킹', 0, 0),
		  (2, '/2024/02/14/공지사항1.JPG', '뿌시자스부', 0, 0);

SELECT * FROM final_team2.lecture_file;

-- 강의 수강 : lecture_register
INSERT INTO lecture_register(lectRg_lect_num, lectRg_me_id, lectRg_money, lectRg_state)
	VALUES(1, 'dongdong@final.com', 17000, 0),
		  (1, 'freshlee@final.com', 17000, 1),
          (2, 'dongdong@final.com', 25000, 0);

SELECT * FROM final_team2.lecture_register;

-- 강의 리뷰 : lecture_review
INSERT INTO lecture_review(lectRv_lect_num, lectRv_me_id, lectRv_content, lectRv_score)
	VALUES(1, 'dongdong@final.com', '강의가 이해하기 쉽고, 귀에 쏙쏙 들어와서 곧 자바킹이 될 것만 같아요.', 5),
		  (1, 'freshlee@final.com', '헷갈렸던 부분을 이해할 수 있어서 도움이 되는 강의였습니다', 4),
          (2, 'dongdong@final.com', '초보자가 듣기엔 조금 따라가기 버거운 수업 같습니다. 근데 전공자들은 들으면 확실히 도움이 될 거 같네요', 2);
          
SELECT * FROM final_team2.lecture_review;
                  
/*
==================================================================================================================================================================================================================================
==================================================================================================================================================================================================================================
==================================================================================================================================================================================================================================
*/

-- 추천 : recommend
INSERT INTO recommend(reco_me_id, reco_state, reco_table, reco_target) 
	VALUES('dongdong@final.com', 1, 'post', '1'),
		  ('dongdong@final.com', 1, 'lecture', '1'),
          ('dongdong@final.com', 1, 'mentor_info', '1');

SELECT * FROM final_team2.recommend;
                  
/*
==================================================================================================================================================================================================================================
==================================================================================================================================================================================================================================
==================================================================================================================================================================================================================================
*/

INSERT INTO `group`(go_name, go_update, go_time) 
	VALUES
		("점심모임 매칭 프로젝트", 	1, 3601),
		("스프링 공부모임", 		1, 215684)
		;


SELECT * FROM RECRUIT;

INSERT INTO `recruit`(recu_go_num,recu_content, 
					recu_due, recu_state, recu_type, 
                    recu_topic,recu_target, 
                    recu_count, recu_required, recu_preferred, recu_online, recu_interview) 
			   VALUES
               /* 1번 그룹 */
               (1,
"소개.
안녕하세요, 현업에서 개발직에 종사하고 있는 사람들로 구성된 팀입니다.
계속 반복적인 업무에 지쳐 재미 + 포트폴리오 용으로 사이드 프로젝트를 진행하려고 하는데, 디자인을 담당해줄 인력이 없어 이렇게 구인을 하게 되었습니다.
주제는 점심모임 매칭 어플리케이션입니다.
같은 회사 사람들과의 잦은 식사로 새로운 리프레쉬가 필요한 사람들이 모여 다른 도메인과 다른 인사이트를 가진 사람들을 만날 수 있는 교두보가 되고자 합니다.
매칭 알고리즘을 통한 매칭, 매칭 후 채팅 등의 기능이 포함된 어플을 개발할 예정입니다.
주로 온라인으로 미팅을 진행할 예정이지만 가능하다면 달에 한번씩은 오프라인으로 만나서 서로 대화 나누는 것도 나쁘지 않다고 생각하는 중입니다.(물론 가능한 분만요!)
관심 있으신 분은 많은 연락 바랍니다.", 
                        "2024-05-30", 1, 1, 
                        "점심모임매칭프로젝트", "프로젝트", 
                        5, "파이썬,jsp,git,notion", "django, MySQL", 0, 0),
				/* 2번 그룹 */
               (2,
"[모임 목표 및 진행 방식]
목표 : 개인 포트폴리오 제작 및 완성, 스프링 역량 강화를 위한 스터디 습관을 잡기 위해 온라인으로 인풋과 아웃풋 인증을 하고자 합니다.
진행 방식 : 매주 개인 분량 설정 및 인&아웃풋 인증
장소/횟수 : 본인이 집중하기 편한 곳/횟수 월~일 요일, 횟수 자유
기간 : 3달 정도 진행하고자 합니다.

참여 조건
지식수준 : 저도 부족한 실력이라 상관은 없습니다. 질문도 서로 자유롭게 주고받아도 괜찮습니다.
다만, 너무 기본적인 질문들은 자제해 주시고 구글링을 먼저 이용해 주세요 :)
참여회비 : 참여회비는 없으나 잠수 or 불성실한 태도로 방 분위기를 헤치는 분은 강퇴될 수 있습니다. (우리 짧고 굵게 하고 끝내요.)

구분을 위해 지원하실 때 본인 개인 정보, 수강생 인증 여부(하셨으면 언제 하셨다, 할 예정이면 언제 하시겠다) 첨부해주세요.",
                        "2024-06-15", 1, 0, 
                        "스프링스터디", "스터디",
                        5, "Spring,jsp,git,notion", "React, MySQL,node.js", 1,1)
				;

INSERT INTO `group_apply`(goap_go_num, goap_recu_num, goap_content, goap_state,goap_me_id)
			VALUES
             /* 1번 그룹 */
            (1,1,"지원합니다. 저는 프로젝트에서 프론트엔드를 맡을 수 있습니다.",1,"dongdong@final.com"),
            (1,1,"알고리즘 부분을 담당할 수 있습니다. 아직 부족한 실력이지만 노력하겠습니다.",1,"tenten10@final.com"),
            (1,1,"UI/UX 애니메이팅에 자신 있습니다. 뽑아주시면 열심히 해보겠습니다.",1,"user@final.com");
INSERT INTO `group_apply`(goap_go_num, goap_recu_num, goap_content, goap_state,goap_me_id)
			VALUES
            (1,1,"남는 거 시켜주세요.",-1,"ilovecat@final.com"),
            (1,1,".",-1,"ilovedog90@final.com"),
            
            (1,1,"현직 개발자는 아니지만 동료분들과 함께 실무 경험을 쌓으면서 열정적으로 참여하고 싶습니다.",0,"light22@final.com"),
			(1,1,"스프링스터디에 지원합니다.",0,"tokyo213@final.com"),
			(1,1,"외국에 있어서 한국 기준으로 밤인 시간에 참여할 수 있는데 괜찮으시면 받아주세요ㅠㅠ",0,"hyunjin09@final.com");
            
            /* 2번 그룹 */
INSERT INTO `group_apply`(goap_go_num, goap_recu_num, goap_content, goap_state,goap_me_id)
			VALUES
            (2,2,"동동이 친구",1,"tenten10@final.com"),
            (2,2,"22일 아침에 인증한 김병구 입니다.",1,"ilovecat@final.com"),
            (2,2,"조원입니다.",1,"user@final.com"),
            
            (2,2,"학원 불합격 했는데 스터디라도 꼭 참여하고 싶습니다 ㅠㅠ",-1,"user@final.com"),
            (2,2,"KH 보안 전문가 과정도 받아주시나요?",-1,"ilovedog90@final.com"),
            (2,2,"KH 등록 전 사전학습 하고 싶습니다.",-1,"mentor@naver.com");
            
INSERT INTO `group_apply`(goap_go_num, goap_recu_num, goap_content, goap_state,goap_me_id)
			VALUES
            (2,2,"KH 수강생은 아니지만 혹시 개인 지도해 줄 멘토가 필요하다면 받아주시면 감사하겠습니다 :)",0,"sangmukim@final.com"),
			(2,2,"KH 정보교육원 JAVA 전문가 과정 강사 김영일입니다.",0,"profzero@final.com"),
			(1,1,"제 프로필의 포트폴리오를 한 번 보시고 멘토링 관심 있으면 신청해주세요^^.",0,"tokyo213@final.com")
            ;

SELECT * FROM group_apply;


INSERT INTO `group_member`(gome_me_id,gome_go_num,gome_type)
			VALUES
            /* admin 일괄 삽입 */
			("admin",1,1),
            ("admin",2,0); /* 2번 그룹은 리더가 아님.*/

INSERT INTO `group_member`(gome_me_id,gome_go_num,gome_type)
			VALUES
            /* 1번 그룹 */
            ("dongdong@final.com",1,0),
            ("tenten10@final.com",1,0),
            ("user@final.com",1,0);

INSERT INTO `group_member`(gome_me_id,gome_go_num,gome_type)
			VALUES
            /* 2번 그룹 */
            ("dongdong@final.com",2,1), /*2번 그룹 리더*/
            ("tenten10@final.com",2,0),
            ("ilovecat@final.com",2,0),
            ("user@final.com",2,0)
            ;

INSERT INTO `group_post`(gopo_content,gopo_date,gopo_gome_me_id,gopo_gome_go_num)
			VALUES
             /* 1번 그룹 */
            ("프로젝트 진행 일정을 게시하였으니 확인 부탁드립니다.","2024-03-12","admin",1),
            ("그룹 게시판에서 필요하지 않은 잡담은 자제해주시길 바랍니다.","2024-03-12","admin",1),
            ("알고리즘 담당자분이 참고한 자료를 요청드려도 될까요? 개인적으로 공부하고 싶습니다.", "2024-05-22 13:21:42", "user@final.com", 1),
            ("알고리즘 참고 블로그 링크 드립니다: https://blog.yena.io/studynote/2018/11/14/Algorithm-Basic.html", "2024-05-22 13:31:41", "tenten10@final.com", 1),
            ("6월 1일에 오프라인 만남을 가지려고 합니다. 필수 참여는 아니며 간단하게 밥도 먹고 친목도 다지는 시간을 가지려 합니다. 참가하실 분은 저에게 메일 주시기 바랍니다.", NOW(), "admin", 1),
            
            /* 2번 그룹 */
            ("노션에 스터디 규칙을 게시하였으니 확인 부탁드립니다.", "2023-12-19","dongdong@final.com",2),
            ("다들 잘 부탁드립니다.", "2023-12-21","tenten10@final.com", 2),
            ("저메추",now(),"user@final.com", 2),
            ("다들 집 가시는데 얼마나 걸리나요?", "2024-03-12 13:21:42", "user@final.com", 2),
            ("저는 1시간 정도 걸리고 동동님은 30분 내외인 걸로 알고있어요.", "2024-03-14 14:21:12", "tenten10@final.com", 2),
            ("오늘 개인사정으로 참여하지 못해 죄송합니다 ㅠㅠ 다음에 2배로 해오겠습니다", "2024-05-18 11:26:12", "ilovecat@final.com", 2),
            ("오늘 같이 점심 드실 분 있나요?", "2023-05-11 10:26:52", "user@final.com", 2),
            ("UI/UX 디자인 관련 블로그 공유: https://m.blog.naver.com/drivenmyself/222450791465", "2023-05-13 09:26:52", "user@final.com", 2),
            ("SQL 기초 블로그 공유: https://blog.naver.com/PostView.naver?blogId=dearlovelace&logNo=223036232600", "2021-05-18 11:26:52", "user@final.com", 2),
            ("SQL 문제 200개: https://m.blog.naver.com/brightmakeit/221976849783", "2023-05-22 11:26:52", "ilovecat@final.com", 2),
            ("깃허브 블로그: https://tired-o.github.io/posts/github-blog-1/", "2023-12-18 17:22:52", "ilovecat@final.com", 2),
            ("깃 branch 관리하기: https://kotlinworld.com/273", "2021-05-18 11:26:52", "tenten10@final.com", 2)
            
            ;

SELECT * FROM group_post;

INSERT INTO `group_calendar`(gocal_title,gocal_startdate,gocal_enddate,gocal_memo,gocal_me_id,gocal_go_num)
		VALUES
			/* 1번 그룹 */
			("프로젝트 멤버 오프라인 만남","2024-04-20","2024-06-01","간단히 밥 먹고 친목도모하고 헤어지려 합니다. 참여하고 싶으시면 메일 주세요.", "admin",1),
            ("스프링스터디 정기회의","2024-04-30","2024-04-30","미참시 미참 댓글 바랍니다.", "admin",1),
            ("방과후 스터디 첫 모임","2024-04-09","2024-04-09","213", "admin",1),
            ("프로젝트 종료일","2025-04-20","2024-05-22","d-day1 memo", "admin",1),
            ("첫 시작일","2023-12-20","2023-12-20","d-day6 memo", "dongdong@final.com",1);
            
INSERT INTO `group_calendar`(gocal_title,gocal_startdate,gocal_enddate,gocal_memo,gocal_me_id,gocal_go_num)
		VALUES
            ("첫 회의","2023-12-20","2023-12-20","d-day7 memo", "dongdong@final.com",1),
            ("프로젝트 구상","2023-12-23","2023-12-20","d-day8 memo", "dongdong@final.com",1),
            ("역할 정하기","2023-12-23","2023-12-20","d-day9 memo", "dongdong@final.com",1),
            ("두 번째 회의","2023-12-25","2023-12-31","d-day0 memo", "dongdong@final.com",1)
            ;

SELECT * FROM group_calendar;

INSERT INTO `mutual_review`(mure_content, mure_rate, mure_me_id, mure_target_id, mure_go_num)
	VALUES
		/* 1번 그룹 내용 */
		("팀원 1명이 탈주해서 그만큼 더 고생 하셨습니다.", 10, "admin","dongdong@final.com",1),
		("간식 챙겨주셔서 감사했습니다.", 8, "admin","tenten10@final.com",1),
        
		("열심히 하셨습니다.", 10, "dongdong@final.com","user@final.com",1),
        
		("친절히 알려주셔서 감사했습니다.", 10, "user@final.com","dongdong@final.com",1),
		("센스있고 친절하세요. 주눅들어있으면 먼저 다가와주시는 분!.", 10, "user@final.com","tenten10@final.com",1),
        
		("자신의 분야가 아니여도 공부하고 배우려는 모습이 보여서 좋았습니다.", 6, "tenten10@final.com","user@final.com",1),
		("합이 잘 맞음~", 10, "tenten10@final.com","dongdong@final.com",1),
		("팀 리더로서 고생 정말 많이 하셨습니다. 갈등 조정의 달인이세요~", 10, "tenten10@final.com","admin",1)
        ;

/*
==================================================================================================================================================================================================================================
==================================================================================================================================================================================================================================
==================================================================================================================================================================================================================================
*/

INSERT INTO report(repo_repo_content,repo_repo_state, repo_me_id, repo_detail, repo_date, repo_table, repo_target) 
		VALUES
			/* 멘토링 신고 */
			("욕설 및 혐오 발언", "대기중", "dongdong@final.com", "험한 말을 했습니다.", now(), "mentoring", "asdfg@final.com"),
        
        
			/* 그룹 모집 공고 신고 */
			("스팸 또는 광고", "대기중", "dongdong@final.com", "스팸글입니다.", now(), "recruit", "1"),
              
              
			/* 강의 신고 */
			("부정확한 정보", "대기중", "dongdong@final.com", "부적절한 정보를 담은 글입니다.", now(), "lecture", "1");

                              
/*
모집 공고
멘토링 지원
멘토링 리뷰
추천
신고
강의 일괄(강의, 강의 파일, 강의 수강신청, 강의 리뷰)
*/