INSERT INTO `final_team2`.`programming_category` (`progCt_name`) VALUES ('웹 개발');
INSERT INTO `final_team2`.`programming_category` (`progCt_name`) VALUES ('프론트엔드');
INSERT INTO `final_team2`.`programming_category` (`progCt_name`) VALUES ('백엔드');
INSERT INTO `final_team2`.`programming_category` (`progCt_name`) VALUES ('풀스택');
INSERT INTO `final_team2`.`programming_category` (`progCt_name`) VALUES ('프로그래밍 언어');
INSERT INTO `final_team2`.`programming_category` (`progCt_name`) VALUES ('데이터베이스');
INSERT INTO `final_team2`.`programming_category` (`progCt_name`) VALUES ('웹 퍼블리싱');

INSERT INTO `final_team2`.`programming_language` (`lang_name`) VALUES ('JavaScript');
INSERT INTO `final_team2`.`programming_language` (`lang_name`) VALUES ('HTML/CSS');
INSERT INTO `final_team2`.`programming_language` (`lang_name`) VALUES ('React');
INSERT INTO `final_team2`.`programming_language` (`lang_name`) VALUES ('Java');
INSERT INTO `final_team2`.`programming_language` (`lang_name`) VALUES ('Spring');
INSERT INTO `final_team2`.`programming_language` (`lang_name`) VALUES ('Spring Boot');
INSERT INTO `final_team2`.`programming_language` (`lang_name`) VALUES ('Node.js');
INSERT INTO `final_team2`.`programming_language` (`lang_name`) VALUES ('Python');
INSERT INTO `final_team2`.`programming_language` (`lang_name`) VALUES ('Vue.js');
INSERT INTO `final_team2`.`programming_language` (`lang_name`) VALUES ('jQuery');
INSERT INTO `final_team2`.`programming_language` (`lang_name`) VALUES ('Firebase');
INSERT INTO `final_team2`.`programming_language` (`lang_name`) VALUES ('C');
INSERT INTO `final_team2`.`programming_language` (`lang_name`) VALUES ('C++');
INSERT INTO `final_team2`.`programming_language` (`lang_name`) VALUES ('C#');
INSERT INTO `final_team2`.`programming_language` (`lang_name`) VALUES ('Swift');
INSERT INTO `final_team2`.`programming_language` (`lang_name`) VALUES ('알고리즘');
INSERT INTO `final_team2`.`programming_language` (`lang_name`) VALUES ('SQL');
INSERT INTO `final_team2`.`programming_language` (`lang_name`) VALUES ('DBMS/RDBMS');
INSERT INTO `final_team2`.`programming_language` (`lang_name`) VALUES ('MySQL');
INSERT INTO `final_team2`.`programming_language` (`lang_name`) VALUES ('데이터 엔지니어링');
INSERT INTO `final_team2`.`programming_language` (`lang_name`) VALUES ('Oracle');
INSERT INTO `final_team2`.`programming_language` (`lang_name`) VALUES ('빅데이터');
INSERT INTO `final_team2`.`programming_language` (`lang_name`) VALUES ('backend');
INSERT INTO `final_team2`.`programming_language` (`lang_name`) VALUES ('인터랙티브 웹');
INSERT INTO `final_team2`.`programming_language` (`lang_name`) VALUES ('반응형 웹');
INSERT INTO `final_team2`.`programming_language` (`lang_name`) VALUES ('웹 디자인');
INSERT INTO `final_team2`.`programming_language` (`lang_name`) VALUES ('클론코딩');
INSERT INTO `final_team2`.`programming_language` (`lang_name`) VALUES ('포트폴리오');
INSERT INTO `final_team2`.`programming_language` (`lang_name`) VALUES ('Sass');

INSERT INTO `final_team2`.`search_menu` (`sear_progCt_num`, `sear_lang_num`) VALUES ('1', '1');
INSERT INTO `final_team2`.`search_menu` (`sear_progCt_num`, `sear_lang_num`) VALUES ('1', '2');
INSERT INTO `final_team2`.`search_menu` (`sear_progCt_num`, `sear_lang_num`) VALUES ('1', '3');
INSERT INTO `final_team2`.`search_menu` (`sear_progCt_num`, `sear_lang_num`) VALUES ('1', '4');
INSERT INTO `final_team2`.`search_menu` (`sear_progCt_num`, `sear_lang_num`) VALUES ('1', '5');
INSERT INTO `final_team2`.`search_menu` (`sear_progCt_num`, `sear_lang_num`) VALUES ('1', '6');
INSERT INTO `final_team2`.`search_menu` (`sear_progCt_num`, `sear_lang_num`) VALUES ('1', '7');
INSERT INTO `final_team2`.`search_menu` (`sear_progCt_num`, `sear_lang_num`) VALUES ('1', '8');
INSERT INTO `final_team2`.`search_menu` (`sear_progCt_num`, `sear_lang_num`) VALUES ('1', '9');
INSERT INTO `final_team2`.`search_menu` (`sear_progCt_num`, `sear_lang_num`) VALUES ('1', '10');
INSERT INTO `final_team2`.`search_menu` (`sear_progCt_num`, `sear_lang_num`) VALUES ('2', '1');
INSERT INTO `final_team2`.`search_menu` (`sear_progCt_num`, `sear_lang_num`) VALUES ('2', '3');
INSERT INTO `final_team2`.`search_menu` (`sear_progCt_num`, `sear_lang_num`) VALUES ('2', '2');
INSERT INTO `final_team2`.`search_menu` (`sear_progCt_num`, `sear_lang_num`) VALUES ('2', '9');
INSERT INTO `final_team2`.`search_menu` (`sear_progCt_num`, `sear_lang_num`) VALUES ('2', '7');
INSERT INTO `final_team2`.`search_menu` (`sear_progCt_num`, `sear_lang_num`) VALUES ('2', '10');
INSERT INTO `final_team2`.`search_menu` (`sear_progCt_num`, `sear_lang_num`) VALUES ('2', '24');
INSERT INTO `final_team2`.`search_menu` (`sear_progCt_num`, `sear_lang_num`) VALUES ('2', '4');
INSERT INTO `final_team2`.`search_menu` (`sear_progCt_num`, `sear_lang_num`) VALUES ('2', '5');
INSERT INTO `final_team2`.`search_menu` (`sear_progCt_num`, `sear_lang_num`) VALUES ('3', '4');
INSERT INTO `final_team2`.`search_menu` (`sear_progCt_num`, `sear_lang_num`) VALUES ('3', '5');
INSERT INTO `final_team2`.`search_menu` (`sear_progCt_num`, `sear_lang_num`) VALUES ('3', '6');
INSERT INTO `final_team2`.`search_menu` (`sear_progCt_num`, `sear_lang_num`) VALUES ('3', '7');
INSERT INTO `final_team2`.`search_menu` (`sear_progCt_num`, `sear_lang_num`) VALUES ('3', '1');
INSERT INTO `final_team2`.`search_menu` (`sear_progCt_num`, `sear_lang_num`) VALUES ('3', '8');
INSERT INTO `final_team2`.`search_menu` (`sear_progCt_num`, `sear_lang_num`) VALUES ('3', '3');
INSERT INTO `final_team2`.`search_menu` (`sear_progCt_num`, `sear_lang_num`) VALUES ('4', '1');
INSERT INTO `final_team2`.`search_menu` (`sear_progCt_num`, `sear_lang_num`) VALUES ('4', '3');
INSERT INTO `final_team2`.`search_menu` (`sear_progCt_num`, `sear_lang_num`) VALUES ('4', '7');
INSERT INTO `final_team2`.`search_menu` (`sear_progCt_num`, `sear_lang_num`) VALUES ('4', '8');
INSERT INTO `final_team2`.`search_menu` (`sear_progCt_num`, `sear_lang_num`) VALUES ('4', '2');
INSERT INTO `final_team2`.`search_menu` (`sear_progCt_num`, `sear_lang_num`) VALUES ('4', '4');
INSERT INTO `final_team2`.`search_menu` (`sear_progCt_num`, `sear_lang_num`) VALUES ('4', '5');
INSERT INTO `final_team2`.`search_menu` (`sear_progCt_num`, `sear_lang_num`) VALUES ('4', '6');
INSERT INTO `final_team2`.`search_menu` (`sear_progCt_num`, `sear_lang_num`) VALUES ('4', '11');
INSERT INTO `final_team2`.`search_menu` (`sear_progCt_num`, `sear_lang_num`) VALUES ('5', '8');
INSERT INTO `final_team2`.`search_menu` (`sear_progCt_num`, `sear_lang_num`) VALUES ('5', '1');
INSERT INTO `final_team2`.`search_menu` (`sear_progCt_num`, `sear_lang_num`) VALUES ('5', '4');
INSERT INTO `final_team2`.`search_menu` (`sear_progCt_num`, `sear_lang_num`) VALUES ('5', '12');
INSERT INTO `final_team2`.`search_menu` (`sear_progCt_num`, `sear_lang_num`) VALUES ('5', '13');
INSERT INTO `final_team2`.`search_menu` (`sear_progCt_num`, `sear_lang_num`) VALUES ('5', '14');
INSERT INTO `final_team2`.`search_menu` (`sear_progCt_num`, `sear_lang_num`) VALUES ('5', '15');
INSERT INTO `final_team2`.`search_menu` (`sear_progCt_num`, `sear_lang_num`) VALUES ('5', '16');
INSERT INTO `final_team2`.`search_menu` (`sear_progCt_num`, `sear_lang_num`) VALUES ('6', '17');
INSERT INTO `final_team2`.`search_menu` (`sear_progCt_num`, `sear_lang_num`) VALUES ('6', '18');
INSERT INTO `final_team2`.`search_menu` (`sear_progCt_num`, `sear_lang_num`) VALUES ('6', '19');
INSERT INTO `final_team2`.`search_menu` (`sear_progCt_num`, `sear_lang_num`) VALUES ('6', '20');
INSERT INTO `final_team2`.`search_menu` (`sear_progCt_num`, `sear_lang_num`) VALUES ('6', '21');
INSERT INTO `final_team2`.`search_menu` (`sear_progCt_num`, `sear_lang_num`) VALUES ('6', '8');
INSERT INTO `final_team2`.`search_menu` (`sear_progCt_num`, `sear_lang_num`) VALUES ('6', '4');
INSERT INTO `final_team2`.`search_menu` (`sear_progCt_num`, `sear_lang_num`) VALUES ('6', '22');
INSERT INTO `final_team2`.`search_menu` (`sear_progCt_num`, `sear_lang_num`) VALUES ('6', '23');
INSERT INTO `final_team2`.`search_menu` (`sear_progCt_num`, `sear_lang_num`) VALUES ('7', '2');
INSERT INTO `final_team2`.`search_menu` (`sear_progCt_num`, `sear_lang_num`) VALUES ('7', '10');
INSERT INTO `final_team2`.`search_menu` (`sear_progCt_num`, `sear_lang_num`) VALUES ('7', '24');
INSERT INTO `final_team2`.`search_menu` (`sear_progCt_num`, `sear_lang_num`) VALUES ('7', '1');
INSERT INTO `final_team2`.`search_menu` (`sear_progCt_num`, `sear_lang_num`) VALUES ('7', '25');
INSERT INTO `final_team2`.`search_menu` (`sear_progCt_num`, `sear_lang_num`) VALUES ('7', '26');
INSERT INTO `final_team2`.`search_menu` (`sear_progCt_num`, `sear_lang_num`) VALUES ('7', '27');
INSERT INTO `final_team2`.`search_menu` (`sear_progCt_num`, `sear_lang_num`) VALUES ('7', '28');
INSERT INTO `final_team2`.`search_menu` (`sear_progCt_num`, `sear_lang_num`) VALUES ('7', '29');

INSERT INTO member_state(ms_state) VALUES("이용중"),("기간정지"), ("영구정지"), ("탈퇴");
INSERT INTO member_auth(ma_auth) VALUES("관리자"),("멘토"), ("일반");

/* 운영자 정보 추가 */
INSERT INTO member(me_id, me_pw, me_nickname, me_name, me_phone, me_address, me_ms_state, me_ma_auth)
	VALUES("admin", "$2a$10$9sW/WB0Wyz2VGvii9Odp6uTA6Y6RSZtQWoOaFowKXz6jD68a0SwCG", "운영자", "운영자", "010-1234-5678", "서울시 강남구 역삼동", "이용중", "관리자");
    
/* 일반 유저 정보 추가 */
INSERT INTO member(me_id, me_pw, me_nickname, me_name, me_phone, me_address, me_ms_state, me_ma_auth)
	VALUES("qwert@final.com", "qwert1234", "동동이", "홍길동", "010-9877-5678", "서울시 강남구 역삼동", "이용중", "일반"),
		  ("dkdlel@final.com", "dkdlel1234", "텐텐먹고쑥쑥", "최유리", "010-4658-4214", "서울시 강남구 도곡동", "이용중", "일반"),
          ("abcde@final.com", "abcde1234", "투털이박성훈", "김병구", "010-2483-0419", "서울시 마포구 연희동", "이용중", "일반");
          
/* 멘토 유저 정보 추가 */
INSERT INTO member(me_id, me_pw, me_nickname, me_name, me_phone, me_address, me_ms_state, me_ma_auth)
	VALUES("asdfg@final.com", "asdfg3214", "꺼비", "임꺽정", "010-9876-5678", "서울시 강남구 역삼동", "이용중", "멘토");

SELECT * FROM final_team2.member;   

/* 신고 처리 상태 */
INSERT INTO report_state(repo_state) VALUES("대기중"), ("승인"), ("반려");

/* 신고 사유 */
INSERT INTO report_content(repo_content) 
	VALUES("욕설 및 혐오 발언"), ("스팸 또는 광고"), ("부적절한 콘텐츠"), 
		("가짜 계정 또는 사칭"), ("부정확한 정보"), ("사용자간 분쟁"), ("기타"); 

INSERT INTO report(repo_repo_content,repo_repo_state, repo_me_id, repo_detail, repo_date, repo_table, repo_target) 
		VALUES("욕설 및 혐오 발언", "대기중", "qwert@final.com", "험한 말을 했습니다.", now(), "member", "asdfg@final.com"),
			  ("스팸 또는 광고", "대기중", "qwert@final.com", "스팸글입니다.", now(), "recruit", "1"),
			  ("부정확한 정보", "대기중", "qwert@final.com", "부적절한 정보를 담은 글입니다.", now(), "post", "1");
              
INSERT INTO file(file_name, file_ori_name, file_table, file_target) 
			VALUES("/2024/04/09/첨부파일1.JPG","첨부파일1.JPG","post",1),
				  ("/2024/04/10/그룹소개.JPG","그룹소개.JPG","recruit",1),
                  ("/2024/04/11/멘토소개.JPG","멘토소개.JPG","mentoring",1);
                  
INSERT INTO board(board_name) VALUES("자유게시판"), ("질문게시판"), ("신고게시판");

INSERT INTO post(post_name, post_content, post_date, post_board_num, post_me_id) 
		VALUES("공지사항", "공지사항입니다.", now(), 1, "admin"),
			  ("질문이 있어요~", "질문질문", now(), 2, "qwert@final.com"),
              ("안녕하세요!", "안녕안녕", now(), 1, "asdfg@final.com");
              
INSERT INTO comment(cmmt_content, cmmt_post_num, cmmt_me_id) 
		VALUES("네! 확인했습니다. 이곳에서 많이 배우고 가겠습니다~", 1, "qwert@final.com"), 
        ("좋은 질문입니다~", 2, "asdfg@final.com"), 
        ("안녕하세요!", 3, "qwert@final.com");

INSERT INTO mentor_job VALUES ("SW 엔지니어"), ("백엔드 / 서버 개발자"), ("프론트엔드 / 웹 퍼블리셔"), ("데이터 엔지니어"), ("데이터 분석가");

INSERT INTO mentor_info VALUES 
("admin", 				0, 	"admin test", 	"admin test", 	"0000-000-0000", NOW(), 0, "SW 엔지니어"),
("asdfg@final.com", 	3, 	"", 			"개발자 임꺽정입니다.", 	"0000-000-0000", NOW(), 1, "백엔드 / 서버 개발자"),
("qwert@final.com", 	0, 	"", 			"멘토 신청 테스트.", 	"0000-000-0000", NOW(), -1, "프론트엔드 / 웹 퍼블리셔");

SELECT * FROM final_team2.mentor_info;

INSERT INTO mentoring(ment_title, ment_duration, ment_content, ment_me_id, ment_state) VALUES
("웹개발 기초반", 				"2024-10-11",	"css, html, js 기초부터 알려드립니다. 줌 아이디가 필요합니다.", 						"asdfg@final.com", 1), 
("2024 웹개발자 자소서 쓰기", 	"2024-03-11",	"웹개발자 자소서 첨삭해드립니다. 작성해놓은 자소서가 있다면 신청서에 외부 링크 첨부 부탁드립니다.", "asdfg@final.com", 0), 
("2025 웹개발자 면접 준비", 		"2025-03-11",	"웹개발자 면접 준비해드립니다. 자소서가 필요합니다. 첨부 안하신 분은 신청 거절합니다.", 			"qwert@final.com", 0);

SELECT * FROM final_team2.mentoring;


INSERT INTO mentoring_apply(mentAp_ment_num, mentAp_me_id, mentAp_content, mentAp_contact, mentAp_state) VALUES
(1, "admin", 			"admin test", 													010-1111-1111	,0),
(2, "qwert@final.com", 	"자소서 첨삭 부탁드립니다. 썼던 자소서를 첨부하라고 하셔서 첨부합니다: www.xxx.xxx.com",'qwert@final.com' ,1),
(3, "qwert@final.com", 	"면접 꿀팁 많이 주셨으면 좋겠습니다.", 										010-0000-1111	,-1);

SELECT * FROM final_team2.mentoring_apply;

-- 강의 : lecture
INSERT INTO lecture (lect_mentIf_me_id, lect_name, lect_intro, lect_price, lect_posting, lect_update)
	VALUES('asdfg@final.com', '공주와 함께하는 자바 교실', '공주님과 함께 자바 수업듣고 자바킹이 되어봅시다.', 17000, now(), now()),
		  ('asdfg@final.com', '스프링부트의 정석', '스프링부트가 어렵다? 이 강의 들으면 달인이 될 수 있습니다.', 25000, now(), now());
    
SELECT * FROM final_team2.lecture;

-- 강의 파일 : lecture_file
INSERT INTO lecture_file (lectFi_lect_num, lectFi_path, lectFi_ori_name, lectFi_choice, lectFi_link)
	VALUES(1, '/2024/02/14/공지사항1.JPG', '자바킹', 0, 0),
		  (2, '/2024/02/14/공지사항1.JPG', '뿌시자스부', 0, 0);

SELECT * FROM final_team2.lecture_file;

-- 강의 수강 : lecture_register
INSERT INTO lecture_register(lectRg_lect_num, lectRg_me_id, lectRg_money, lectRg_state)
	VALUES(1, 'qwert@final.com', 17000, 0),
		  (1, 'dkdlel@final.com', 17000, 1),
          (2, 'dkdlel@final.com', 25000, 0);

SELECT * FROM final_team2.lecture_register;

-- 강의 리뷰 : lecture_review
INSERT INTO lecture_review(lectRv_lect_num, lectRv_me_id, lectRv_content, lectRv_score)
	VALUES(1, 'qwert@final.com', '강의가 이해하기 쉽고, 귀에 쏙쏙 들어와서 곧 자바킹이 될 것만 같아요.', 5),
		  (1, 'dkdlel@final.com', '헷갈렸던 부분을 이해할 수 있어서 도움이 되는 강의였습니다', 4),
          (2, 'dkdlel@final.com', '초보자가 듣기엔 조금 따라가기 버거운 수업 같습니다. 근데 전공자들은 들으면 확실히 도움이 될 거 같네요', 2);
          
SELECT * FROM final_team2.lecture_review;

-- 추천 : recommend
INSERT INTO recommend(reco_me_id, reco_state, reco_table, reco_target) 
	VALUES('qwert@final.com', 1, 'post', '1'),
		  ('qwert@final.com', 1, 'lecture', '1'),
          ('qwert@final.com', 1, 'mentor_info', '1');

SELECT * FROM final_team2.recommend;

INSERT INTO `group`(go_name,go_update) VALUES("파이썬프로젝트",1);
INSERT INTO `group`(go_name,go_update) VALUES("스프링공부모임",1);
INSERT INTO `group`(go_name,go_update) VALUES("KH방과후스터디",1);

SELECT * FROM RECRUIT;

INSERT INTO `recruit`(recu_go_num,recu_content,recu_due,recu_state,recu_type,recu_topic,recu_target,
					  recu_count,recu_required,recu_preferred,recu_online,recu_interview) 
			   VALUES(1,
					   "소개.
						안녕하세요, 현업에서 개발직에 종사하고 있는 사람들로 구성된 팀입니다.
						계속 반복적인 업무에 지쳐 재미 + 포트폴리오 용으로 사이드 프로젝트를 진행하려고 하는데, 디자인을 담당해줄 인력이 없어 이렇게 구인을 하게 되었습니다.
						주제는 점심모임 매칭 어플리케이션입니다.
						같은 회사 사람들과의 잦은 식사로 새로운 리프레쉬가 필요한 사람들이 모여 다른 도메인과 다른 인사이트를 가진 사람들을 만날 수 있는 교두보가 되고자 합니다.
						매칭 알고리즘을 통한 매칭, 매칭 후 채팅 등의 기능이 포함된 어플을 개발할 예정입니다.
						주로 온라인으로 미팅을 진행할 예정이지만 가능하다면 달에 한번씩은 오프라인으로 만나서 서로 대화 나누는 것도 나쁘지 않다고 생각하는 중입니다.(물론 가능한 분만요!)
						관심 있으신 분은 많은 연락 바랍니다.", "2024-04-20", 1, 1, "점심모임매칭프로젝트", "프로젝트", 5, "파이썬,jsp,git,notion", "django, MySQL", 0,0);
                        

INSERT INTO `recruit`(recu_go_num,recu_content,recu_due,recu_state,recu_type,recu_topic,recu_target,
					  recu_count,recu_required,recu_preferred,recu_online,recu_interview) 
			   VALUES(2,
						"[모임 목표 및 진행 방식]
						목표 : 개인 포트폴리오 제작 및 완성, 스프링 역량 강화를 위한 스터디 습관을 잡기 위해 온라인으로 인풋과 아웃풋 인증을 하고자 합니다.
						진행 방식 : 매주 개인 분량 설정 및 인&아웃풋 인증
						장소/횟수 : 본인이 집중하기 편한 곳/횟수 월~일 요일, 횟수 자유
						기간 : 3달 정도 진행하고자 합니다.
						참여 조건
						지식수준 : 저도 부족한 실력이라 상관은 없습니다. 질문도 서로 자유롭게 주고받아도 괜찮습니다.
						다만, 너무 기본적인 질문들은 자제해 주시고 구글링을 먼저 이용해 주세요 :)
						참여회비 : 참여회비는 없으나 잠수 or 불성실한 태도로 방 분위기를 헤치는 분은 내보내기 될 수 있습니다. (우리 짧고 굵게 하고 끝내요.ᐟ)",
                        "2024-04-15", 1, 0, "스프링스터디", "스터디", 5, "Spring,jsp,git,notion", "React, MySQL,node.js", 1,1);

INSERT INTO `recruit`(recu_go_num,recu_content,recu_due,recu_state,recu_type,recu_topic,recu_target,
					  recu_count,recu_required,recu_preferred,recu_online,recu_interview) 
			   VALUES(3,
					"
					----
					스터디 소개
					하루 최소 30분에서 2시간 정도의
					그날 배운 내용을 공유하는 스터디
					매일 수업이 끝난 후 
					스터디 한 내용을 카톡으로 공유하기
					-> 자세한 운영방식은 스터디 시작 전에
					논의하며 구체적으로 정하면 좋을 것 같아요.
					->제가 챌린지 형식의 스터디 운영 경험이 많기 때문에
					이 부분은 크게 걱정 하지 않으셔도 됩니다.
					함께하고 싶은 분
					모든 스터디가 그렇듯 초기에만 열심히 하고
					그만두는 것이 아닌 꾸준히 할 수 있도록
					이 프로젝트를 해야만 하는 강한 동기부여가
					이미 되어 있으신 분과 함께하고싶습니다",
					  "2024-04-09",0,0,"학원 방과후 스터디하실분~","방과후 스터디","3","java, jsp, github, java script","",0,1);

INSERT INTO `group_apply`(goap_go_num,goap_recu_num,goap_content,goap_state,goap_me_id)
			VALUES(1,1,"지원합니다. 저는 프로젝트에서 프론트엔드를 맡을 수 있습니다.",0,"qwert@final.com");
INSERT INTO `group_apply`(goap_go_num,goap_recu_num,goap_content,goap_state,goap_me_id)
			VALUES(2,2,"스프링스터디에 지원합니다.",0,"asdfg@final.com");
INSERT INTO `group_apply`(goap_go_num,goap_recu_num,goap_content,goap_state,goap_me_id)
			VALUES(3,3,"KH 방과후 스터디에 지원합니다.",1,"abcde@final.com");

INSERT INTO `group_member`(gome_me_id,gome_go_num,gome_type)
			VALUES("qwert@final.com",1,0);
INSERT INTO `group_member`(gome_me_id,gome_go_num,gome_type)
			VALUES("asdfg@final.com",2,0);
INSERT INTO `group_member`(gome_me_id,gome_go_num,gome_type)
			VALUES("abcde@final.com",3,0);
INSERT INTO  `group_member`(gome_me_id,gome_go_num,gome_type)
			VALUES("admin",1,1);
INSERT INTO  `group_member`(gome_me_id,gome_go_num,gome_type)
			VALUES("admin",2,1);
INSERT INTO  `group_member`(gome_me_id,gome_go_num,gome_type)
			VALUES("admin",3,1);

INSERT INTO `group_post`(gopo_content,gopo_date,gopo_gome_me_id,gopo_gome_go_num)
			VALUES("프로젝트 진행 일정을 게시하였으니 확인 부탁드립니다.",now(),"qwert@final.com",1);
INSERT INTO `group_post`(gopo_content,gopo_date,gopo_gome_me_id,gopo_gome_go_num)
			VALUES("다들 잘 부탁드립니다.",now(),"asdfg@final.com",2);
INSERT INTO `group_post`(gopo_content,gopo_date,gopo_gome_me_id,gopo_gome_go_num)
			VALUES("저메추",now(),"abcde@final.com",3);
insert into group_post(gopo_content, gopo_date, gopo_gome_me_id, gopo_gome_go_num) 
	values("group 1 post 1 content", "2024-03-12 13:21:42", "qwert@final.com", 1);
insert into group_post(gopo_content, gopo_date, gopo_gome_me_id, gopo_gome_go_num) 
	values("group 1 post 2 content", "2024-03-14 13:21:42", "qwert@final.com", 1);
insert into group_post(gopo_content, gopo_date, gopo_gome_me_id, gopo_gome_go_num) 
	values("group 1 post 3 content", "2024-02-18 11:26:12", "qwert@final.com", 1);
insert into group_post(gopo_content, gopo_date, gopo_gome_me_id, gopo_gome_go_num) 
	values("group 1 post 4 content", "2023-02-11 10:26:52", "qwert@final.com", 1);
insert into group_post(gopo_content, gopo_date, gopo_gome_me_id, gopo_gome_go_num) 
	values("group 1 post 5 content", "2023-11-13 09:26:52", "qwert@final.com", 1);
insert into group_post(gopo_content, gopo_date, gopo_gome_me_id, gopo_gome_go_num) 
	values("group 1 post 6 content", "2021-02-18 11:26:52", "qwert@final.com", 1);
insert into group_post(gopo_content, gopo_date, gopo_gome_me_id, gopo_gome_go_num) 
	values("group 1 post 7content", "2023-02-18 11:26:52", "qwert@final.com", 1);
insert into group_post(gopo_content, gopo_date, gopo_gome_me_id, gopo_gome_go_num) 
	values("group 1 post 8 content", "2023-12-18 17:22:52", "qwert@final.com", 1);
insert into group_post(gopo_content, gopo_date, gopo_gome_me_id, gopo_gome_go_num) 
	values("group 1 post 9 content", "2021-02-18 11:26:52", "qwert@final.com", 1);

INSERT INTO `group_calendar`(gocal_title,gocal_startdate,gocal_enddate,gocal_memo,gocal_me_id,gocal_go_num)
		    VALUES("프로젝트 진행일정","2024-04-20","2024-05-22","확인 댓글 바람", "qwert@final.com",1);
INSERT INTO `group_calendar`(gocal_title,gocal_startdate,gocal_enddate,gocal_memo,gocal_me_id,gocal_go_num)
		    VALUES("스프링스터디 정기회의","2024-04-30","2024-04-30","미참시 미참 댓글 바랍니다.", "asdfg@final.com",2);     
insert into `group_calendar`(gocal_title,gocal_startdate,gocal_enddate,gocal_memo,gocal_me_id,gocal_go_num)
		    VALUES("방과후 스터디 첫 모임","2024-04-09","2024-04-09","", "abcde@final.com",3);
INSERT INTO `group_calendar`(gocal_title,gocal_startdate,gocal_enddate,gocal_memo,gocal_me_id,gocal_go_num)
		    VALUES("d-day1","2025-04-20","2024-05-22","d-day1 memo", "qwert@final.com",1);
INSERT INTO `group_calendar`(gocal_title,gocal_startdate,gocal_enddate,gocal_memo,gocal_me_id,gocal_go_num)
		    VALUES("d-day2","2029-05-22","2029-05-22","d-day2 memo ", "qwert@final.com",1);
INSERT INTO `group_calendar`(gocal_title,gocal_startdate,gocal_enddate,gocal_memo,gocal_me_id,gocal_go_num)
		    VALUES("d-day3","2025-05-22","2025-05-22","d-day3 memo 2025-05-22", "qwert@final.com",1);
INSERT INTO `group_calendar`(gocal_title,gocal_startdate,gocal_enddate,gocal_memo,gocal_me_id,gocal_go_num)
		    VALUES("d-day4","2025-04-20","2025-04-20","d-day4 memo", "qwert@final.com",1);
INSERT INTO `group_calendar`(gocal_title,gocal_startdate,gocal_enddate,gocal_memo,gocal_me_id,gocal_go_num)
		    VALUES("d-day5","2025-04-20","2025-04-20","d-day5 memo", "qwert@final.com",1);
INSERT INTO `group_calendar`(gocal_title,gocal_startdate,gocal_enddate,gocal_memo,gocal_me_id,gocal_go_num)
		    VALUES("d-day6","2023-04-20","2023-04-20","d-day6 memo", "qwert@final.com",1);
INSERT INTO `group_calendar`(gocal_title,gocal_startdate,gocal_enddate,gocal_memo,gocal_me_id,gocal_go_num)
		    VALUES("d-day7","2023-04-20","2023-04-20","d-day7 memo", "qwert@final.com",1);
INSERT INTO `group_calendar`(gocal_title,gocal_startdate,gocal_enddate,gocal_memo,gocal_me_id,gocal_go_num)
		    VALUES("d-day8","2023-05-20","2023-04-20","d-day8 memo", "qwert@final.com",1);
INSERT INTO `group_calendar`(gocal_title,gocal_startdate,gocal_enddate,gocal_memo,gocal_me_id,gocal_go_num)
		    VALUES("d-day9","2023-06-20","2023-04-20","d-day9 memo", "qwert@final.com",1);
INSERT INTO `group_calendar`(gocal_title,gocal_startdate,gocal_enddate,gocal_memo,gocal_me_id,gocal_go_num)
		    VALUES("d-day0","2023-07-20","2023-04-20","d-day0 memo", "qwert@final.com",1);
            
            
            